DROP DATABASE IF EXISTS water_cats_dw;
CREATE DATABASE water_cats_dw;
USE water_cats_dw;

CREATE TABLE CALENDAR
(
  CalendarKey INT NOT NULL AUTO_INCREMENT,
  FullDate DATE NOT NULL,
  DayOfWeek VARCHAR(10) NOT NULL,
  DayOfMonth INT NOT NULL,
  Month VARCHAR(10) NOT NULL,
  Quarter VARCHAR(2) NOT NULL,
  Year INT NOT NULL,
  PRIMARY KEY (CalendarKey)
);

INSERT INTO CALENDAR VALUES (1, '2018-01-08', 'Monday', 8, 'January', 'Q1', 2018);
INSERT INTO CALENDAR VALUES (2, '2018-01-09', 'Tuesday', 9, 'January', 'Q1', 2018);
INSERT INTO CALENDAR VALUES (3, '2018-01-10', 'Wednesday', 10, 'January', 'Q1', 2018);
INSERT INTO CALENDAR VALUES (4, '2018-01-11', 'Thursday', 11, 'January', 'Q1', 2018);
INSERT INTO CALENDAR VALUES (5, '2018-01-12', 'Friday', 12, 'January', 'Q1', 2018);

INSERT INTO CALENDAR VALUES (6, '2018-02-05', 'Monday', 5, 'February', 'Q1', 2018);
INSERT INTO CALENDAR VALUES (7, '2018-02-06', 'Tuesday', 6, 'February', 'Q1', 2018);
INSERT INTO CALENDAR VALUES (8, '2018-02-07', 'Wednesday', 7, 'February', 'Q1', 2018);
INSERT INTO CALENDAR VALUES (9, '2018-02-08', 'Thursday', 8, 'February', 'Q1', 2018);
INSERT INTO CALENDAR VALUES (10, '2018-02-09', 'Friday', 9, 'February', 'Q1', 2018);

INSERT INTO CALENDAR VALUES (11, '2018-03-05', 'Monday', 5, 'March', 'Q1', 2018);
INSERT INTO CALENDAR VALUES (12, '2018-03-06', 'Tuesday', 6, 'March', 'Q1', 2018);
INSERT INTO CALENDAR VALUES (13, '2018-03-07', 'Wednesday', 7, 'March', 'Q1', 2018);
INSERT INTO CALENDAR VALUES (14, '2018-03-08', 'Thursday', 8, 'March', 'Q1', 2018);
INSERT INTO CALENDAR VALUES (15, '2018-03-09', 'Friday', 9, 'March', 'Q1', 2018);

INSERT INTO CALENDAR VALUES (16, '2018-04-02', 'Monday', 2, 'April', 'Q2', 2018);
INSERT INTO CALENDAR VALUES (17, '2018-04-03', 'Tuesday', 3, 'April', 'Q2', 2018);
INSERT INTO CALENDAR VALUES (18, '2018-04-04', 'Wednesday', 4, 'April', 'Q2', 2018);
INSERT INTO CALENDAR VALUES (19, '2018-04-05', 'Thursday', 5, 'April', 'Q2', 2018);
INSERT INTO CALENDAR VALUES (20, '2018-04-06', 'Friday', 6, 'April', 'Q2', 2018);

INSERT INTO CALENDAR VALUES (21, '2018-05-07', 'Monday', 7, 'May', 'Q2', 2018);
INSERT INTO CALENDAR VALUES (22, '2018-05-08', 'Tuesday', 8, 'May', 'Q2', 2018);
INSERT INTO CALENDAR VALUES (23, '2018-05-09', 'Wednesday', 9, 'May', 'Q2', 2018);
INSERT INTO CALENDAR VALUES (24, '2018-05-10', 'Thursday', 10, 'May', 'Q2', 2018);
INSERT INTO CALENDAR VALUES (25, '2018-05-11', 'Friday', 11, 'May', 'Q2', 2018);

INSERT INTO CALENDAR VALUES (26, '2018-06-04', 'Monday', 4, 'June', 'Q2', 2018);
INSERT INTO CALENDAR VALUES (27, '2018-06-05', 'Tuesday', 5, 'June', 'Q2', 2018);
INSERT INTO CALENDAR VALUES (28, '2018-06-06', 'Wednesday', 6, 'June', 'Q2', 2018);
INSERT INTO CALENDAR VALUES (29, '2018-06-07', 'Thursday', 7, 'June', 'Q2', 2018);
INSERT INTO CALENDAR VALUES (30, '2018-06-08', 'Friday', 8, 'June', 'Q2', 2018);

INSERT INTO CALENDAR VALUES (31, '2018-07-02', 'Monday', 2, 'July', 'Q3', 2018);
INSERT INTO CALENDAR VALUES (32, '2018-07-03', 'Tuesday', 3, 'July', 'Q3', 2018);
INSERT INTO CALENDAR VALUES (33, '2018-07-04', 'Wednesday', 4, 'July', 'Q3', 2018);
INSERT INTO CALENDAR VALUES (34, '2018-07-05', 'Thursday', 5, 'July', 'Q3', 2018);
INSERT INTO CALENDAR VALUES (35, '2018-07-06', 'Friday', 6, 'July', 'Q3', 2018);

INSERT INTO CALENDAR VALUES (36, '2018-08-06', 'Monday', 6, 'August', 'Q3', 2018);
INSERT INTO CALENDAR VALUES (37, '2018-08-07', 'Tuesday', 7, 'August', 'Q3', 2018);
INSERT INTO CALENDAR VALUES (38, '2018-08-08', 'Wednesday', 8, 'August', 'Q3', 2018);
INSERT INTO CALENDAR VALUES (39, '2018-08-09', 'Thursday', 9, 'August', 'Q3', 2018);
INSERT INTO CALENDAR VALUES (40, '2018-08-10', 'Friday', 10, 'August', 'Q3', 2018);

INSERT INTO CALENDAR VALUES (41, '2018-09-03', 'Monday', 3, 'September', 'Q3', 2018);
INSERT INTO CALENDAR VALUES (42, '2018-09-04', 'Tuesday', 4, 'September', 'Q3', 2018);
INSERT INTO CALENDAR VALUES (43, '2018-09-05', 'Wednesday', 5, 'September', 'Q3', 2018);
INSERT INTO CALENDAR VALUES (44, '2018-09-06', 'Thursday', 6, 'September', 'Q3', 2018);
INSERT INTO CALENDAR VALUES (45, '2018-09-07', 'Friday', 7, 'September', 'Q3', 2018);

INSERT INTO CALENDAR VALUES (46, '2018-10-01', 'Monday', 1, 'October', 'Q4', 2018);
INSERT INTO CALENDAR VALUES (47, '2018-10-02', 'Tuesday', 2, 'October', 'Q4', 2018);
INSERT INTO CALENDAR VALUES (48, '2018-10-03', 'Wednesday', 3, 'October', 'Q4', 2018);
INSERT INTO CALENDAR VALUES (49, '2018-10-04', 'Thursday', 4, 'October', 'Q4', 2018);
INSERT INTO CALENDAR VALUES (50, '2018-10-05', 'Friday', 5, 'October', 'Q4', 2018);

INSERT INTO CALENDAR VALUES (51, '2018-11-05', 'Monday', 5, 'November', 'Q4', 2018);
INSERT INTO CALENDAR VALUES (52, '2018-11-06', 'Tuesday', 6, 'November', 'Q4', 2018);
INSERT INTO CALENDAR VALUES (53, '2018-11-07', 'Wednesday', 7, 'November', 'Q4', 2018);
INSERT INTO CALENDAR VALUES (54, '2018-11-08', 'Thursday', 8, 'November', 'Q4', 2018);
INSERT INTO CALENDAR VALUES (55, '2018-11-09', 'Friday', 9, 'November', 'Q4', 2018);

INSERT INTO CALENDAR VALUES (56, '2018-11-03', 'Monday', 3, 'December', 'Q4', 2018);
INSERT INTO CALENDAR VALUES (57, '2018-11-04', 'Tuesday', 4, 'December', 'Q4', 2018);
INSERT INTO CALENDAR VALUES (58, '2018-11-05', 'Wednesday', 5, 'December', 'Q4', 2018);
INSERT INTO CALENDAR VALUES (59, '2018-11-06', 'Thursday', 6, 'December', 'Q4', 2018);
INSERT INTO CALENDAR VALUES (60, '2018-11-07', 'Friday', 7, 'December', 'Q4', 2018);

CREATE TABLE PERSON
(
  PersonKey INT NOT NULL AUTO_INCREMENT,
  PersonID INT NOT NULL,
  FirstName VARCHAR(20) NOT NULL,
  LastName VARCHAR(20) NOT NULL,
  Specialization VARCHAR(20) NOT NULL,
  Email VARCHAR(30) NOT NULL,
  PRIMARY KEY (PersonKey)
);

INSERT INTO PERSON VALUES (NULL, 1, 'Jason', 'Kelly', 'Project Management', 'jasonk@example.com');
INSERT INTO PERSON VALUES (NULL, 2, 'Arthur', 'Patterson', 'Front-end', 'arthurp@example.com');
INSERT INTO PERSON VALUES (NULL, 3, 'Mac', 'chiato', 'Back-end', 'mcchiato@example.com');
INSERT INTO PERSON VALUES (NULL, 4, 'Frap', 'pucino', 'Back-end', 'fpucino@example.com');
INSERT INTO PERSON VALUES (NULL, 5, 'Cap', 'pucino', 'Quality Assurance', 'cpucino@example.com');

CREATE TABLE PROJECT
(
  ProjectKey INT NOT NULL AUTO_INCREMENT,
  ProjectID INT NOT NULL,
  ProjectName VARCHAR(20) NOT NULL,
  Category VARCHAR(20),
  PRIMARY KEY (ProjectKey)
);

INSERT INTO PROJECT VALUES (1, 1, 'Kitty Farm', 'DBMS');
INSERT INTO PROJECT VALUES (2, 2, 'Duck Farm', 'DBMS');
INSERT INTO PROJECT VALUES (3, 3, 'SeaS', 'Web');
INSERT INTO PROJECT VALUES (4, 4, 'LakeS', 'Web');
INSERT INTO PROJECT VALUES (5, 5, 'OceanS', 'Web');
INSERT INTO PROJECT VALUES (6, 6, 'RiverS', 'Web');
INSERT INTO PROJECT VALUES (7, 7, 'StreamS', 'Web');
INSERT INTO PROJECT VALUES (8, 8, 'Jello', 'Mobile Application');
INSERT INTO PROJECT VALUES (9, 9, 'Pillow', 'Mobile Application');
INSERT INTO PROJECT VALUES (10, 10, 'Business Bucks', 'BI Application');
INSERT INTO PROJECT VALUES (11, 11, 'Star Intelligence', 'BI Application');
INSERT INTO PROJECT VALUES (12, 12, 'Mocha Marketing', 'Marketing');
INSERT INTO PROJECT VALUES (13, 13, 'Ron', 'Compiler');
INSERT INTO PROJECT VALUES (14, 14, 'Mak', 'Compiler');

CREATE TABLE TASK
(
  TaskKey INT NOT NULL AUTO_INCREMENT,
  TaskID INT NOT NULL,
  TaskPriority INT NOT NULL,
  TaskType VARCHAR(20) NOT NULL,
  TeamName VARCHAR(20) NOT NULL,
  BoardName VARCHAR(20) NOT NULL,
  TeamFocus VARCHAR(20) NOT NULL,
  PRIMARY KEY (TaskKey)
);

INSERT INTO TASK VALUES (1, 1, 1, 'Setup', 'A', 'A', 'Database Management');
INSERT INTO TASK VALUES (2, 2, 1, 'Setup', 'B', 'B', 'Database Management');
INSERT INTO TASK VALUES (3, 3, 1, 'Setup', 'C', 'C', 'Front-end');
INSERT INTO TASK VALUES (4, 4, 1, 'Setup', 'D', 'D', 'Quality Assurance');
INSERT INTO TASK VALUES (5, 5, 1, 'Implementation', 'A', 'A', 'Database Management');
INSERT INTO TASK VALUES (6, 6, 2, 'Implementation', 'B', 'B', 'Database Management');
INSERT INTO TASK VALUES (7, 7, 1, 'Implementation', 'C', 'C', 'Front-end');
INSERT INTO TASK VALUES (8, 8, 3, 'Implementation', 'D', 'D', 'Quality Assurance');
INSERT INTO TASK VALUES (9, 9, 1, 'Implementation', 'E', 'E', 'Back-end');
INSERT INTO TASK VALUES (10, 10, 1, 'Setup', 'F', 'F', 'Full-stack');
INSERT INTO TASK VALUES (11, 11, 1, 'Setup', 'A', 'A', 'Database Management');
INSERT INTO TASK VALUES (12, 12, 2, 'Code review', 'G', 'G', 'Front-end');
INSERT INTO TASK VALUES (13, 13, 1, 'Implementation', 'B', 'B', 'Database Management');
INSERT INTO TASK VALUES (14, 14, 2, 'Implementation', 'D', 'D', 'Quality Assurance');
INSERT INTO TASK VALUES (15, 15, 4, 'Implementation', 'TACS', 'TACS', 'Front-end');
INSERT INTO TASK VALUES (16, 16, 1, 'Setup', 'TACS', 'TACS', 'Front-end');
INSERT INTO TASK VALUES (17, 17, 1, 'Setup', 'TACS', 'TACS', 'Front-end');
INSERT INTO TASK VALUES (18, 18, 2, 'Code review', 'SATC', 'SATC', 'Front-end');
INSERT INTO TASK VALUES (19, 19, 1, 'Implementation', 'TACS', 'TACS', 'Front-end');
INSERT INTO TASK VALUES (20, 20, 2, 'Implementation', 'TACS', 'TACS', 'Front-end');
INSERT INTO TASK VALUES (21, 21, 2, 'Implementation', 'TACS', 'TACS', 'Front-end');
INSERT INTO TASK VALUES (22, 22, 1, 'Setup', 'A', 'A', 'Database Management');
INSERT INTO TASK VALUES (23, 23, 1, 'Setup', 'B', 'B', 'Database Management');
INSERT INTO TASK VALUES (24, 24, 2, 'Code review', 'SATC', 'SATC', 'Front-end');
INSERT INTO TASK VALUES (25, 25, 1, 'Implementation', 'D', 'D', 'Quality Assurance');
INSERT INTO TASK VALUES (26, 26, 2, 'Implementation', 'C', 'C', 'Front-end');
INSERT INTO TASK VALUES (27, 27, 2, 'Implementation', 'TACS', 'TACS', 'Front-end');
INSERT INTO TASK VALUES (28, 28, 1, 'Setup', 'G', 'G', 'Front-end');
INSERT INTO TASK VALUES (29, 29, 1, 'Setup', 'G', 'G', 'Front-end');
INSERT INTO TASK VALUES (30, 30, 2, 'Code review', 'SATC', 'SATC', 'Front-end');
INSERT INTO TASK VALUES (31, 31, 1, 'Implementation', 'TACS', 'TACS', 'Front-end');
INSERT INTO TASK VALUES (32, 32, 2, 'Implementation', 'TACS', 'TACS', 'Front-end');

CREATE TABLE PROGRESSPROJECT
(
  TaskComplete INT NOT NULL,
  TotalTask INT NOT NULL,
  ProjectKey INT NOT NULL,
  TaskKey INT NOT NULL,
  FOREIGN KEY (ProjectKey) REFERENCES PROJECT(ProjectKey),
  FOREIGN KEY (TaskKey) REFERENCES TASK(TaskKey)
);

INSERT INTO PROGRESSPROJECT VALUES (10, 15, 1, 2);
INSERT INTO PROGRESSPROJECT VALUES (14, 20, 1, 1);
INSERT INTO PROGRESSPROJECT VALUES (2, 22, 2, 2);

CREATE TABLE PROGRESSTASK
(
  Status INT NOT NULL,
  TimeOfDay TIMESTAMP NOT NULL,
  TaskComplete INT NOT NULL,
  CalendarKey INT NOT NULL,
  PersonKey INT NOT NULL,
  TaskKey INT NOT NULL,
  ProjectKey INT NOT NULL,
  FOREIGN KEY (CalendarKey) REFERENCES CALENDAR(CalendarKey),
  FOREIGN KEY (PersonKey) REFERENCES PERSON(PersonKey),
  FOREIGN KEY (TaskKey) REFERENCES TASK(TaskKey),
  FOREIGN KEY (ProjectKey) REFERENCES PROJECT(ProjectKey)
);

INSERT INTO PROGRESSTASK VALUES (1, '2018-03-05 10:10:10', 1, 11, 1, 1, 3);
INSERT INTO PROGRESSTASK VALUES (0, '2018-03-05 10:10:10', 0, 11, 2, 1, 2);
INSERT INTO PROGRESSTASK VALUES (1, '2018-03-05 12:01:00', 1, 11, 3, 2, 1);
INSERT INTO PROGRESSTASK VALUES (0, '2018-03-06 10:10:10', 0, 12, 4, 2, 5);
INSERT INTO PROGRESSTASK VALUES (1, '2018-03-06 10:10:10', 1, 12, 5, 3, 13);
INSERT INTO PROGRESSTASK VALUES (0, '2018-03-07 10:10:10', 0, 13, 1, 3, 2);
INSERT INTO PROGRESSTASK VALUES (1, '2018-03-08 10:10:10', 1, 14, 2, 4, 1);
INSERT INTO PROGRESSTASK VALUES (0, '2018-03-08 10:10:10', 0, 14, 3, 4, 3);
INSERT INTO PROGRESSTASK VALUES (1, '2018-03-08 10:10:10', 1, 14, 4, 5, 14);
INSERT INTO PROGRESSTASK VALUES (1, '2018-05-07 10:10:10', 1, 21, 5, 6, 7);
INSERT INTO PROGRESSTASK VALUES (0, '2018-05-07 10:10:10', 0, 21, 1, 6, 10);
INSERT INTO PROGRESSTASK VALUES (1, '2018-05-07 12:01:00', 1, 21, 2, 7, 9);
INSERT INTO PROGRESSTASK VALUES (0, '2018-05-08 10:10:10', 0, 22, 3, 7, 13);
INSERT INTO PROGRESSTASK VALUES (1, '2018-05-09 10:10:10', 1, 23, 4, 8, 12);
INSERT INTO PROGRESSTASK VALUES (0, '2018-05-09 10:10:10', 0, 23, 5, 8, 11);
INSERT INTO PROGRESSTASK VALUES (1, '2018-05-10 10:10:10', 1, 24, 1, 9, 3);
INSERT INTO PROGRESSTASK VALUES (0, '2018-05-11 10:10:10', 0, 25, 2, 9, 3);
INSERT INTO PROGRESSTASK VALUES (1, '2018-05-07 10:10:10', 1, 21, 3, 10, 5);
INSERT INTO PROGRESSTASK VALUES (0, '2018-05-07 10:10:10', 0, 21, 4, 10, 1);
INSERT INTO PROGRESSTASK VALUES (1, '2018-05-07 10:10:10', 1, 21, 5, 11, 6);
INSERT INTO PROGRESSTASK VALUES (0, '2018-05-08 10:10:10', 0, 22, 1, 12, 14);
INSERT INTO PROGRESSTASK VALUES (1, '2018-05-11 10:10:10', 1, 25, 2, 13, 1);
INSERT INTO PROGRESSTASK VALUES (0, '2018-05-11 10:10:10', 0, 25, 3, 13, 7);
INSERT INTO PROGRESSTASK VALUES (1, '2018-05-10 10:10:10', 1, 24, 4, 13, 8);
INSERT INTO PROGRESSTASK VALUES (0, '2018-05-08 10:10:10', 0, 22, 5, 24, 3);
INSERT INTO PROGRESSTASK VALUES (1, '2018-05-07 10:10:10', 1, 21, 1, 20, 1);
INSERT INTO PROGRESSTASK VALUES (0, '2018-01-09 10:10:10', 0, 2, 5, 16, 10);
INSERT INTO PROGRESSTASK VALUES (1, '2018-01-09 10:10:10', 1, 2, 3, 17, 9);

INSERT INTO PROGRESSTASK VALUES (1, '2018-08-08 10:10:10', 1, 38, 1, 18, 7);
INSERT INTO PROGRESSTASK VALUES (1, '2018-08-07 10:10:10', 1, 37, 5, 19, 5);
INSERT INTO PROGRESSTASK VALUES (0, '2018-12-05 10:10:10', 0, 58, 5, 22, 1);
INSERT INTO PROGRESSTASK VALUES (1, '2018-12-03 10:10:10', 1, 56, 3, 25, 2);
INSERT INTO PROGRESSTASK VALUES (1, '2018-12-04 10:10:10', 1, 57, 5, 28, 10);
INSERT INTO PROGRESSTASK VALUES (1, '2018-12-04 10:10:10', 1, 57, 3, 29, 9);
INSERT INTO PROGRESSTASK VALUES (1, '2018-07-02 10:10:10', 1, 31, 2, 30, 11);
INSERT INTO PROGRESSTASK VALUES (0, '2018-07-06 10:10:10', 0, 35, 1, 31, 14);